7508.png	https://res.cloudinary.com/dsu60ie3p/image/upload/v1554921291/file_vktwuz.jpg
7857.jpeg	https://res.cloudinary.com/dsu60ie3p/image/upload/v1554921291/file_xy7xf4.jpg
7534.png	https://res.cloudinary.com/dsu60ie3p/image/upload/v1554921293/file_bxevyq.jpg
7912.jpeg	https://res.cloudinary.com/dsu60ie3p/image/upload/v1554921294/file_f39odt.jpg
7441.jpeg	https://res.cloudinary.com/dsu60ie3p/image/upload/v1554921295/file_gdtgad.jpg
7520.png	https://res.cloudinary.com/dsu60ie3p/image/upload/v1554921297/file_dbnvef.jpg
7911.png	https://res.cloudinary.com/dsu60ie3p/image/upload/v1554921297/file_zupp6d.jpg
7695.jpeg	https://res.cloudinary.com/dsu60ie3p/image/upload/v1554921298/file_oxwdnx.jpg
7905.png	https://res.cloudinary.com/dsu60ie3p/image/upload/v1554921299/file_uvk2dj.jpg
7939.png	https://res.cloudinary.com/dsu60ie3p/image/upload/v1554921300/file_xi6072.jpg
7553.jpeg	https://res.cloudinary.com/dsu60ie3p/image/upload/v1554921300/file_pvmewa.jpg
7736.png	https://res.cloudinary.com/dsu60ie3p/image/upload/v1554921301/file_qg19dk.jpg
7865.png	https://res.cloudinary.com/dsu60ie3p/image/upload/v1554921301/file_iieuka.jpg
7871.png	https://res.cloudinary.com/dsu60ie3p/image/upload/v1554921302/file_bq7iia.jpg
8063.jpeg	https://res.cloudinary.com/dsu60ie3p/image/upload/v1554921303/file_dstwam.jpg
7859.png	https://res.cloudinary.com/dsu60ie3p/image/upload/v1554921303/file_uz8wpv.jpg
7396.jpeg	https://res.cloudinary.com/dsu60ie3p/image/upload/v1554921306/file_giuq4i.jpg
7545.jpeg	https://res.cloudinary.com/dsu60ie3p/image/upload/v1554921307/file_s4o0ad.jpg
7816.jpeg	https://res.cloudinary.com/dsu60ie3p/image/upload/v1554921307/file_nt2tka.jpg
7642.png	https://res.cloudinary.com/dsu60ie3p/image/upload/v1554921309/file_out1qr.jpg
7656.png	https://res.cloudinary.com/dsu60ie3p/image/upload/v1554921310/file_wgui2f.jpg
8034.jpeg	https://res.cloudinary.com/dsu60ie3p/image/upload/v1554921311/file_oradh9.jpg
8029.png	https://res.cloudinary.com/dsu60ie3p/image/upload/v1554921312/file_obkt8m.jpg
7468.png	https://res.cloudinary.com/dsu60ie3p/image/upload/v1554921312/file_rrgy28.jpg
7512.jpeg	https://res.cloudinary.com/dsu60ie3p/image/upload/v1554921313/file_zskuy1.jpg
8015.png	https://res.cloudinary.com/dsu60ie3p/image/upload/v1554921314/file_mjhgxe.jpg
7332.png	https://res.cloudinary.com/dsu60ie3p/image/upload/v1554921315/file_iyxmfo.jpg
7333.png	https://res.cloudinary.com/dsu60ie3p/image/upload/v1554921316/file_y2wc1z.jpg
8000.png	https://res.cloudinary.com/dsu60ie3p/image/upload/v1554921316/file_ousuz2.jpg
7455.png	https://res.cloudinary.com/dsu60ie3p/image/upload/v1554921317/file_r8xisa.jpg
7640.jpeg	https://res.cloudinary.com/dsu60ie3p/image/upload/v1554921318/file_oly0cx.jpg
8014.png	https://res.cloudinary.com/dsu60ie3p/image/upload/v1554921319/file_lktpkm.jpg
7469.png	https://res.cloudinary.com/dsu60ie3p/image/upload/v1554921320/file_p1pern.jpg
7586.jpeg	https://res.cloudinary.com/dsu60ie3p/image/upload/v1554921321/file_lgtain.jpg
7496.png	https://res.cloudinary.com/dsu60ie3p/image/upload/v1554921322/file_d6dy1h.jpg
7482.png	https://res.cloudinary.com/dsu60ie3p/image/upload/v1554921322/file_chficw.jpg
7990.jpeg	https://res.cloudinary.com/dsu60ie3p/image/upload/v1554921323/file_blvfzk.jpg
7569.jpeg	https://res.cloudinary.com/dsu60ie3p/image/upload/v1554921323/file_tjxldv.jpg
7617.jpeg	https://res.cloudinary.com/dsu60ie3p/image/upload/v1554921325/file_dmpvge.jpg
7694.png	https://res.cloudinary.com/dsu60ie3p/image/upload/v1554921326/file_y42qz8.jpg
7870.png	https://res.cloudinary.com/dsu60ie3p/image/upload/v1554921327/file_uxvydt.jpg
7723.png	https://res.cloudinary.com/dsu60ie3p/image/upload/v1554921327/file_i8ngqo.jpg
7904.png	https://res.cloudinary.com/dsu60ie3p/image/upload/v1554921328/file_qqc2yb.jpg
7910.png	https://res.cloudinary.com/dsu60ie3p/image/upload/v1554921329/file_fngrjq.jpg
7528.jpeg	https://res.cloudinary.com/dsu60ie3p/image/upload/v1554921329/file_astaql.jpg
7521.png	https://res.cloudinary.com/dsu60ie3p/image/upload/v1554921330/file_njnvee.jpg
7509.png	https://res.cloudinary.com/dsu60ie3p/image/upload/v1554921331/file_espyu1.jpg
7284.png	https://res.cloudinary.com/dsu60ie3p/image/upload/v1554921333/file_hlogdn.jpg
7290.png	https://res.cloudinary.com/dsu60ie3p/image/upload/v1554921333/file_uuem6b.jpg
7590.jpeg	https://res.cloudinary.com/dsu60ie3p/image/upload/v1554921334/file_uz8cte.jpg
7986.jpeg	https://res.cloudinary.com/dsu60ie3p/image/upload/v1554921334/file_hfa5pb.jpg
7292.png	https://res.cloudinary.com/dsu60ie3p/image/upload/v1554921335/file_ib850s.jpg
7334.jpeg	https://res.cloudinary.com/dsu60ie3p/image/upload/v1554921336/file_lcyb0z.jpg
7279.png	https://res.cloudinary.com/dsu60ie3p/image/upload/v1554921337/file_kkrfx2.jpg
7523.png	https://res.cloudinary.com/dsu60ie3p/image/upload/v1554921338/file_czxblz.jpg
7621.jpeg	https://res.cloudinary.com/dsu60ie3p/image/upload/v1554921338/file_ernix7.jpg
7906.png	https://res.cloudinary.com/dsu60ie3p/image/upload/v1554921339/file_xdeaf0.jpg
7949.jpeg	https://res.cloudinary.com/dsu60ie3p/image/upload/v1554921340/file_fhfrzc.jpg
7699.jpeg	https://res.cloudinary.com/dsu60ie3p/image/upload/v1554921340/file_svna82.jpg
8079.jpeg	https://res.cloudinary.com/dsu60ie3p/image/upload/v1554921341/file_iqj94r.jpg
7866.png	https://res.cloudinary.com/dsu60ie3p/image/upload/v1554921342/file_slw9ck.jpg
7696.png	https://res.cloudinary.com/dsu60ie3p/image/upload/v1554921342/file_jgcsrf.jpg
7682.png	https://res.cloudinary.com/dsu60ie3p/image/upload/v1554921344/file_aijv8h.jpg
8080.jpeg	https://res.cloudinary.com/dsu60ie3p/image/upload/v1554921344/file_dmtcbw.jpg
7669.png	https://res.cloudinary.com/dsu60ie3p/image/upload/v1554921345/file_hlzo9e.jpg
7655.png	https://res.cloudinary.com/dsu60ie3p/image/upload/v1554921346/file_dpznnw.jpg
7899.png	https://res.cloudinary.com/dsu60ie3p/image/upload/v1554921347/file_bhqiht.jpg
7660.jpeg	https://res.cloudinary.com/dsu60ie3p/image/upload/v1554921347/file_pv5baa.jpg
7494.png	https://res.cloudinary.com/dsu60ie3p/image/upload/v1554921348/file_prydlu.jpg
7319.png	https://res.cloudinary.com/dsu60ie3p/image/upload/v1554921348/file_crnibf.jpg
7322.jpeg	https://res.cloudinary.com/dsu60ie3p/image/upload/v1554921349/file_u8in18.jpg
7772.jpeg	https://res.cloudinary.com/dsu60ie3p/image/upload/v1554921350/file_fo5rsx.jpg
7457.png	https://res.cloudinary.com/dsu60ie3p/image/upload/v1554921352/file_oydlp8.jpg
7267.jpeg	https://res.cloudinary.com/dsu60ie3p/image/upload/v1554921352/file_pkzc23.jpg
7637.jpeg	https://res.cloudinary.com/dsu60ie3p/image/upload/v1554921353/file_pgs7wq.jpg
7331.png	https://res.cloudinary.com/dsu60ie3p/image/upload/v1554921354/file_tc8wz5.jpg
8002.png	https://res.cloudinary.com/dsu60ie3p/image/upload/v1554921354/file_nn6fcv.jpg
8016.png	https://res.cloudinary.com/dsu60ie3p/image/upload/v1554921355/file_yvkm5i.jpg
7443.png	https://res.cloudinary.com/dsu60ie3p/image/upload/v1554921355/file_yaue9j.jpg
8017.png	https://res.cloudinary.com/dsu60ie3p/image/upload/v1554921356/file_pwz6rp.jpg
7973.jpeg	https://res.cloudinary.com/dsu60ie3p/image/upload/v1554921357/file_ramwft.jpg
7330.png	https://res.cloudinary.com/dsu60ie3p/image/upload/v1554921358/file_wtzgzu.jpg
7318.png	https://res.cloudinary.com/dsu60ie3p/image/upload/v1554921359/file_s4tfb4.jpg
7836.jpeg	https://res.cloudinary.com/dsu60ie3p/image/upload/v1554921359/file_rkre8j.jpg
8043.jpeg	https://res.cloudinary.com/dsu60ie3p/image/upload/v1554921360/file_tx4plo.jpg
7359.jpeg	https://res.cloudinary.com/dsu60ie3p/image/upload/v1554921361/file_yzebrq.jpg
7709.jpeg	https://res.cloudinary.com/dsu60ie3p/image/upload/v1554921361/file_skivni.jpg
7898.png	https://res.cloudinary.com/dsu60ie3p/image/upload/v1554921362/file_lunf1c.jpg
7477.jpeg	https://res.cloudinary.com/dsu60ie3p/image/upload/v1554921363/file_znmber.jpg
7654.png	https://res.cloudinary.com/dsu60ie3p/image/upload/v1554921364/file_swqeqe.jpg
7532.jpeg	https://res.cloudinary.com/dsu60ie3p/image/upload/v1554921364/file_dbdfzd.jpg
7683.png	https://res.cloudinary.com/dsu60ie3p/image/upload/v1554921365/file_qawikw.jpg
7697.png	https://res.cloudinary.com/dsu60ie3p/image/upload/v1554921366/file_wkzeia.jpg
7873.png	https://res.cloudinary.com/dsu60ie3p/image/upload/v1554921366/file_cttaw1.jpg
7734.png	https://res.cloudinary.com/dsu60ie3p/image/upload/v1554921367/file_nd6vin.jpg
7932.jpeg	https://res.cloudinary.com/dsu60ie3p/image/upload/v1554921368/file_pocclu.jpg
7720.png	https://res.cloudinary.com/dsu60ie3p/image/upload/v1554921369/file_gottlv.jpg
7524.jpeg	https://res.cloudinary.com/dsu60ie3p/image/upload/v1554921370/file_cqeoro.jpg
7877.jpeg	https://res.cloudinary.com/dsu60ie3p/image/upload/v1554921370/file_mnhcb7.jpg
7913.png	https://res.cloudinary.com/dsu60ie3p/image/upload/v1554921371/file_tjscfy.jpg
7436.jpeg	https://res.cloudinary.com/dsu60ie3p/image/upload/v1554921372/file_repaye.jpg
7536.png	https://res.cloudinary.com/dsu60ie3p/image/upload/v1554921372/file_scg29a.jpg
7522.png	https://res.cloudinary.com/dsu60ie3p/image/upload/v1554921373/file_nde2ip.jpg
7573.jpeg	https://res.cloudinary.com/dsu60ie3p/image/upload/v1554921374/file_hf0f8p.jpg
7293.png	https://res.cloudinary.com/dsu60ie3p/image/upload/v1554921375/file_iryoim.jpg
7297.png	https://res.cloudinary.com/dsu60ie3p/image/upload/v1554921376/file_jisqu8.jpg
7437.jpeg	https://res.cloudinary.com/dsu60ie3p/image/upload/v1554921376/file_trdhky.jpg
7821.jpeg	https://res.cloudinary.com/dsu60ie3p/image/upload/v1554921377/file_y9t1oe.jpg
7268.png	https://res.cloudinary.com/dsu60ie3p/image/upload/v1554921378/file_rzfwc1.jpg
8003.jpeg	https://res.cloudinary.com/dsu60ie3p/image/upload/v1554921378/file_iprdlg.jpg
7917.png	https://res.cloudinary.com/dsu60ie3p/image/upload/v1554921379/file_sosdcb.jpg
7724.png	https://res.cloudinary.com/dsu60ie3p/image/upload/v1554921380/file_glyhin.jpg
7933.jpeg	https://res.cloudinary.com/dsu60ie3p/image/upload/v1554921381/file_uonap0.jpg
7718.png	https://res.cloudinary.com/dsu60ie3p/image/upload/v1554921382/file_kncp54.jpg
7525.jpeg	https://res.cloudinary.com/dsu60ie3p/image/upload/v1554921382/file_bcb9ry.jpg
7687.png	https://res.cloudinary.com/dsu60ie3p/image/upload/v1554921383/file_glhv8l.jpg
7863.png	https://res.cloudinary.com/dsu60ie3p/image/upload/v1554921384/file_trvclh.jpg
7888.png	https://res.cloudinary.com/dsu60ie3p/image/upload/v1554921384/file_hunsmv.jpg
7860.jpeg	https://res.cloudinary.com/dsu60ie3p/image/upload/v1554921385/file_g7zqha.jpg
7499.jpeg	https://res.cloudinary.com/dsu60ie3p/image/upload/v1554921386/file_srqtfk.jpg
7533.jpeg	https://res.cloudinary.com/dsu60ie3p/image/upload/v1554921387/file_awflov.jpg
7491.png	https://res.cloudinary.com/dsu60ie3p/image/upload/v1554921388/file_q30ics.jpg
8042.jpeg	https://res.cloudinary.com/dsu60ie3p/image/upload/v1554921389/file_wvhuwr.jpg
7485.png	https://res.cloudinary.com/dsu60ie3p/image/upload/v1554921390/file_g0biqu.jpg
7708.jpeg	https://res.cloudinary.com/dsu60ie3p/image/upload/v1554921392/file_yhvc8p.jpg
8007.png	https://res.cloudinary.com/dsu60ie3p/image/upload/v1554921393/file_jn21qs.jpg
7452.png	https://res.cloudinary.com/dsu60ie3p/image/upload/v1554921394/file_ps0kul.jpg
7972.jpeg	https://res.cloudinary.com/dsu60ie3p/image/upload/v1554921394/file_rqf4lr.jpg
7446.png	https://res.cloudinary.com/dsu60ie3p/image/upload/v1554921395/file_z0pidq.jpg
7564.jpeg	https://res.cloudinary.com/dsu60ie3p/image/upload/v1554921396/file_bejrm1.jpg
7321.png	https://res.cloudinary.com/dsu60ie3p/image/upload/v1554921397/file_rewjcp.jpg
7453.png	https://res.cloudinary.com/dsu60ie3p/image/upload/v1554921397/file_pvljuh.jpg
7484.png	https://res.cloudinary.com/dsu60ie3p/image/upload/v1554921398/file_g3wlgo.jpg
7909.jpeg	https://res.cloudinary.com/dsu60ie3p/image/upload/v1554921399/file_iafiij.jpg
7490.png	https://res.cloudinary.com/dsu60ie3p/image/upload/v1554921400/file_kh203f.jpg
7645.png	https://res.cloudinary.com/dsu60ie3p/image/upload/v1554921401/file_sqchrr.jpg
7889.png	https://res.cloudinary.com/dsu60ie3p/image/upload/v1554921402/file_uow0xw.jpg
7876.png	https://res.cloudinary.com/dsu60ie3p/image/upload/v1554921402/file_y9xed1.jpg
7548.jpeg	https://res.cloudinary.com/dsu60ie3p/image/upload/v1554921403/file_i99l9m.jpg
7719.png	https://res.cloudinary.com/dsu60ie3p/image/upload/v1554921404/file_drmfxq.jpg
7677.jpeg	https://res.cloudinary.com/dsu60ie3p/image/upload/v1554921405/file_dwdwvn.jpg
7731.png	https://res.cloudinary.com/dsu60ie3p/image/upload/v1554921406/file_hofope.jpg
7725.png	https://res.cloudinary.com/dsu60ie3p/image/upload/v1554921406/file_re10ze.jpg
7902.png	https://res.cloudinary.com/dsu60ie3p/image/upload/v1554921408/file_im7oox.jpg
7948.jpeg	https://res.cloudinary.com/dsu60ie3p/image/upload/v1554921408/file_ad5hbu.jpg
7765.jpeg	https://res.cloudinary.com/dsu60ie3p/image/upload/v1554921409/file_yjwgrn.jpg
7335.jpeg	https://res.cloudinary.com/dsu60ie3p/image/upload/v1554921410/file_xjrl6e.jpg
7527.png	https://res.cloudinary.com/dsu60ie3p/image/upload/v1554921411/file_xcuh2w.jpg
7294.png	https://res.cloudinary.com/dsu60ie3p/image/upload/v1554921412/file_cmfsyo.jpg
7280.png	https://res.cloudinary.com/dsu60ie3p/image/upload/v1554921413/file_ykwhkk.jpg
7591.jpeg	https://res.cloudinary.com/dsu60ie3p/image/upload/v1554921413/file_ns7gtc.jpg
7987.jpeg	https://res.cloudinary.com/dsu60ie3p/image/upload/v1554921414/file_mkqjk2.jpg
7657.jpeg	https://res.cloudinary.com/dsu60ie3p/image/upload/v1554921417/file_a3cof3.jpg
7342.jpeg	https://res.cloudinary.com/dsu60ie3p/image/upload/v1554921418/file_u7vq3l.jpg
7712.jpeg	https://res.cloudinary.com/dsu60ie3p/image/upload/v1554921418/file_y6dl2p.jpg
7928.png	https://res.cloudinary.com/dsu60ie3p/image/upload/v1554921420/file_igiosr.jpg
7895.jpeg	https://res.cloudinary.com/dsu60ie3p/image/upload/v1554921421/file_f0wcpz.jpg
7483.jpeg	https://res.cloudinary.com/dsu60ie3p/image/upload/v1554921421/file_khkzid.jpg
7529.jpeg	https://res.cloudinary.com/dsu60ie3p/image/upload/v1554921423/file_tlp2zb.jpg
7733.png	https://res.cloudinary.com/dsu60ie3p/image/upload/v1554921424/file_f0eimq.jpg
7600.jpeg	https://res.cloudinary.com/dsu60ie3p/image/upload/v1554921426/file_a1y3fx.jpg
7745.jpeg	https://res.cloudinary.com/dsu60ie3p/image/upload/v1554921426/file_wxcp4w.jpg
7684.png	https://res.cloudinary.com/dsu60ie3p/image/upload/v1554921427/file_fvzldw.jpg
7690.png	https://res.cloudinary.com/dsu60ie3p/image/upload/v1554921428/file_cadqxo.jpg
7848.png	https://res.cloudinary.com/dsu60ie3p/image/upload/v1554921428/file_uvvzpf.jpg
7495.jpeg	https://res.cloudinary.com/dsu60ie3p/image/upload/v1554921429/file_iic2cb.jpg
7874.png	https://res.cloudinary.com/dsu60ie3p/image/upload/v1554921431/file_ed9brv.jpg
7653.png	https://res.cloudinary.com/dsu60ie3p/image/upload/v1554921432/file_o1vzh6.jpg
7303.jpeg	https://res.cloudinary.com/dsu60ie3p/image/upload/v1554921432/file_o3fpay.jpg
7753.jpeg	https://res.cloudinary.com/dsu60ie3p/image/upload/v1554921433/file_pdyphl.jpg
7587.jpeg	https://res.cloudinary.com/dsu60ie3p/image/upload/v1554921434/file_crnd9v.jpg
7486.png	https://res.cloudinary.com/dsu60ie3p/image/upload/v1554921435/file_dudcil.jpg
7492.png	https://res.cloudinary.com/dsu60ie3p/image/upload/v1554921437/file_vkohjp.jpg
7568.jpeg	https://res.cloudinary.com/dsu60ie3p/image/upload/v1554921438/file_ocdobk.jpg
7323.png	https://res.cloudinary.com/dsu60ie3p/image/upload/v1554921438/file_oleorx.jpg
7451.png	https://res.cloudinary.com/dsu60ie3p/image/upload/v1554921439/file_f8iddd.jpg
7641.jpeg	https://res.cloudinary.com/dsu60ie3p/image/upload/v1554921440/file_fy8vaa.jpg
8004.png	https://res.cloudinary.com/dsu60ie3p/image/upload/v1554921440/file_fwyihn.jpg
7479.png	https://res.cloudinary.com/dsu60ie3p/image/upload/v1554921441/file_ns6kth.jpg
8038.png	https://res.cloudinary.com/dsu60ie3p/image/upload/v1554921442/file_hyparz.jpg
8039.png	https://res.cloudinary.com/dsu60ie3p/image/upload/v1554921443/file_etytl8.jpg
7513.jpeg	https://res.cloudinary.com/dsu60ie3p/image/upload/v1554921443/file_vw0urj.jpg
7478.png	https://res.cloudinary.com/dsu60ie3p/image/upload/v1554921444/file_uvicsh.jpg
7450.png	https://res.cloudinary.com/dsu60ie3p/image/upload/v1554921444/file_fl2vrx.jpg
7336.png	https://res.cloudinary.com/dsu60ie3p/image/upload/v1554921445/file_egfzhg.jpg
8005.png	https://res.cloudinary.com/dsu60ie3p/image/upload/v1554921446/file_ckmsxt.jpg
7456.jpeg	https://res.cloudinary.com/dsu60ie3p/image/upload/v1554921446/file_ypajxz.jpg
8011.png	https://res.cloudinary.com/dsu60ie3p/image/upload/v1554921447/file_m9qvm6.jpg
7444.png	https://res.cloudinary.com/dsu60ie3p/image/upload/v1554921448/file_smnpsa.jpg
7285.jpeg	https://res.cloudinary.com/dsu60ie3p/image/upload/v1554921449/file_ld3nds.jpg
7493.png	https://res.cloudinary.com/dsu60ie3p/image/upload/v1554921450/file_urb4p7.jpg
8035.jpeg	https://res.cloudinary.com/dsu60ie3p/image/upload/v1554921451/file_hthi1v.jpg
7790.jpeg	https://res.cloudinary.com/dsu60ie3p/image/upload/v1554921452/file_dxuy8t.jpg
7487.png	https://res.cloudinary.com/dsu60ie3p/image/upload/v1554921452/file_ppdxjv.jpg
7544.jpeg	https://res.cloudinary.com/dsu60ie3p/image/upload/v1554921453/file_us0iul.jpg
7817.jpeg	https://res.cloudinary.com/dsu60ie3p/image/upload/v1554921453/file_sja91g.jpg
7652.png	https://res.cloudinary.com/dsu60ie3p/image/upload/v1554921454/file_ydygod.jpg
7401.jpeg	https://res.cloudinary.com/dsu60ie3p/image/upload/v1554921455/file_lxjgln.jpg
7646.png	https://res.cloudinary.com/dsu60ie3p/image/upload/v1554921456/file_aohm88.jpg
7875.png	https://res.cloudinary.com/dsu60ie3p/image/upload/v1554921457/file_nszmyg.jpg
7861.png	https://res.cloudinary.com/dsu60ie3p/image/upload/v1554921458/file_hquy0w.jpg
7728.jpeg	https://res.cloudinary.com/dsu60ie3p/image/upload/v1554921458/file_azn490.jpg
7849.png	https://res.cloudinary.com/dsu60ie3p/image/upload/v1554921459/file_ispjv6.jpg
7691.png	https://res.cloudinary.com/dsu60ie3p/image/upload/v1554921460/file_cgji3m.jpg
7944.jpeg	https://res.cloudinary.com/dsu60ie3p/image/upload/v1554921461/file_jrbmr0.jpg
7732.png	https://res.cloudinary.com/dsu60ie3p/image/upload/v1554921462/file_rtuhax.jpg
7901.png	https://res.cloudinary.com/dsu60ie3p/image/upload/v1554921463/file_mdnjox.jpg
7915.png	https://res.cloudinary.com/dsu60ie3p/image/upload/v1554921463/file_i9ezhp.jpg
8074.jpeg	https://res.cloudinary.com/dsu60ie3p/image/upload/v1554921464/file_tfnj0w.jpg
7929.png	https://res.cloudinary.com/dsu60ie3p/image/upload/v1554921465/file_ochqes.jpg
7518.png	https://res.cloudinary.com/dsu60ie3p/image/upload/v1554921465/file_usl012.jpg
7505.jpeg	https://res.cloudinary.com/dsu60ie3p/image/upload/v1554921466/file_cvfblp.jpg
7856.jpeg	https://res.cloudinary.com/dsu60ie3p/image/upload/v1554921468/file_adromv.jpg
7440.jpeg	https://res.cloudinary.com/dsu60ie3p/image/upload/v1554921469/file_ddwnml.jpg
7339.jpeg	https://res.cloudinary.com/dsu60ie3p/image/upload/v1554921470/file_txunii.jpg
8023.jpeg	https://res.cloudinary.com/dsu60ie3p/image/upload/v1554921471/file_jybeu5.jpg
7295.png	https://res.cloudinary.com/dsu60ie3p/image/upload/v1554921471/file_mdkbl5.jpg
7594.png	https://res.cloudinary.com/dsu60ie3p/image/upload/v1554921473/file_wreawi.jpg
7580.png	https://res.cloudinary.com/dsu60ie3p/image/upload/v1554921474/file_yhnlo0.jpg
8028.jpeg	https://res.cloudinary.com/dsu60ie3p/image/upload/v1554921474/file_obvi6o.jpg
7543.png	https://res.cloudinary.com/dsu60ie3p/image/upload/v1554921475/file_elppih.jpg
7966.png	https://res.cloudinary.com/dsu60ie3p/image/upload/v1554921476/file_gbon7l.jpg
7796.png	https://res.cloudinary.com/dsu60ie3p/image/upload/v1554921477/file_k1vb8b.jpg
7782.png	https://res.cloudinary.com/dsu60ie3p/image/upload/v1554921477/file_g7x15r.jpg
7769.png	https://res.cloudinary.com/dsu60ie3p/image/upload/v1554921478/file_ckzmsh.jpg
7735.jpeg	https://res.cloudinary.com/dsu60ie3p/image/upload/v1554921478/file_btjvlm.jpg
7755.png	https://res.cloudinary.com/dsu60ie3p/image/upload/v1554921479/file_tfvxe6.jpg
7812.png	https://res.cloudinary.com/dsu60ie3p/image/upload/v1554921481/file_r2ildg.jpg
7959.jpeg	https://res.cloudinary.com/dsu60ie3p/image/upload/v1554921481/file_wlhojr.jpg
7689.jpeg	https://res.cloudinary.com/dsu60ie3p/image/upload/v1554921482/file_dq0oqo.jpg
7666.jpeg	https://res.cloudinary.com/dsu60ie3p/image/upload/v1554921482/file_ml4yv5.jpg
7635.png	https://res.cloudinary.com/dsu60ie3p/image/upload/v1554921483/file_ivqdyr.jpg
7386.png	https://res.cloudinary.com/dsu60ie3p/image/upload/v1554921483/file_rpsu8r.jpg
7392.png	https://res.cloudinary.com/dsu60ie3p/image/upload/v1554921484/file_gke2mu.jpg
7379.png	https://res.cloudinary.com/dsu60ie3p/image/upload/v1554921485/file_sakqn9.jpg
7324.jpeg	https://res.cloudinary.com/dsu60ie3p/image/upload/v1554921486/file_l5hhdk.jpg
7423.png	https://res.cloudinary.com/dsu60ie3p/image/upload/v1554921487/file_a9tidb.jpg
7351.png	https://res.cloudinary.com/dsu60ie3p/image/upload/v1554921487/file_qowmw7.jpg
8062.png	https://res.cloudinary.com/dsu60ie3p/image/upload/v1554921489/file_yy1n6a.jpg
7378.png	https://res.cloudinary.com/dsu60ie3p/image/upload/v1554921491/file_y0evqy.jpg
7393.png	https://res.cloudinary.com/dsu60ie3p/image/upload/v1554921491/file_lvxgzi.jpg
7620.png	https://res.cloudinary.com/dsu60ie3p/image/upload/v1554921492/file_vaagjw.jpg
7608.png	https://res.cloudinary.com/dsu60ie3p/image/upload/v1554921493/file_eor8ea.jpg
7867.jpeg	https://res.cloudinary.com/dsu60ie3p/image/upload/v1554921493/file_kyvz2x.jpg
8012.jpeg	https://res.cloudinary.com/dsu60ie3p/image/upload/v1554921494/file_h0imsc.jpg
7813.png	https://res.cloudinary.com/dsu60ie3p/image/upload/v1554921494/file_fgtjw4.jpg
7807.png	https://res.cloudinary.com/dsu60ie3p/image/upload/v1554921495/file_vidk8x.jpg
7758.jpeg	https://res.cloudinary.com/dsu60ie3p/image/upload/v1554921496/file_qn6pqy.jpg
7308.jpeg	https://res.cloudinary.com/dsu60ie3p/image/upload/v1554921496/file_pjei6y.jpg
7998.png	https://res.cloudinary.com/dsu60ie3p/image/upload/v1554921497/file_kfq66d.jpg
7740.png	https://res.cloudinary.com/dsu60ie3p/image/upload/v1554921497/file_m1qaw4.jpg
7934.jpeg	https://res.cloudinary.com/dsu60ie3p/image/upload/v1554921498/file_rjlcax.jpg
7768.png	https://res.cloudinary.com/dsu60ie3p/image/upload/v1554921498/file_ktjokm.jpg
7783.png	https://res.cloudinary.com/dsu60ie3p/image/upload/v1554921499/file_pvocj6.jpg
7797.png	https://res.cloudinary.com/dsu60ie3p/image/upload/v1554921501/file_jow4hw.jpg
7542.png	https://res.cloudinary.com/dsu60ie3p/image/upload/v1554921501/file_vvytoy.jpg
7963.jpeg	https://res.cloudinary.com/dsu60ie3p/image/upload/v1554921502/file_klda7i.jpg
7556.png	https://res.cloudinary.com/dsu60ie3p/image/upload/v1554921503/file_rljywy.jpg
7575.jpeg	https://res.cloudinary.com/dsu60ie3p/image/upload/v1554921503/file_z9zkzs.jpg
7581.png	https://res.cloudinary.com/dsu60ie3p/image/upload/v1554921505/file_hqocby.jpg
7595.png	https://res.cloudinary.com/dsu60ie3p/image/upload/v1554921506/file_bx6wrj.jpg
7583.png	https://res.cloudinary.com/dsu60ie3p/image/upload/v1554921506/file_y20qpt.jpg
7781.jpeg	https://res.cloudinary.com/dsu60ie3p/image/upload/v1554921507/file_nenqtx.jpg
7851.jpeg	https://res.cloudinary.com/dsu60ie3p/image/upload/v1554921507/file_h1ha4n.jpg
7502.jpeg	https://res.cloudinary.com/dsu60ie3p/image/upload/v1554921508/file_zmgc8i.jpg
7447.jpeg	https://res.cloudinary.com/dsu60ie3p/image/upload/v1554921508/file_f4y9tn.jpg
7914.jpeg	https://res.cloudinary.com/dsu60ie3p/image/upload/v1554921512/file_x5fhxa.jpg
7965.png	https://res.cloudinary.com/dsu60ie3p/image/upload/v1554921513/file_msuxv7.jpg
7739.jpeg	https://res.cloudinary.com/dsu60ie3p/image/upload/v1554921514/file_gkno8d.jpg
7693.jpeg	https://res.cloudinary.com/dsu60ie3p/image/upload/v1554921516/file_yjh8zv.jpg
7806.jpeg	https://res.cloudinary.com/dsu60ie3p/image/upload/v1554921517/file_pdf1o2.jpg
7742.png	https://res.cloudinary.com/dsu60ie3p/image/upload/v1554921517/file_ragvvc.jpg
7943.jpeg	https://res.cloudinary.com/dsu60ie3p/image/upload/v1554921519/file_xy9xdv.jpg
7756.png	https://res.cloudinary.com/dsu60ie3p/image/upload/v1554921520/file_oxwip7.jpg
7410.jpeg	https://res.cloudinary.com/dsu60ie3p/image/upload/v1554921520/file_emgvgo.jpg
7811.png	https://res.cloudinary.com/dsu60ie3p/image/upload/v1554921521/file_x4210q.jpg
7685.jpeg	https://res.cloudinary.com/dsu60ie3p/image/upload/v1554921522/file_wlhd8v.jpg
7805.png	https://res.cloudinary.com/dsu60ie3p/image/upload/v1554921522/file_tzpq20.jpg
7839.png	https://res.cloudinary.com/dsu60ie3p/image/upload/v1554921523/file_kbqs2r.jpg
7810.jpeg	https://res.cloudinary.com/dsu60ie3p/image/upload/v1554921524/file_lvzmgt.jpg
7636.png	https://res.cloudinary.com/dsu60ie3p/image/upload/v1554921524/file_a4ebsk.jpg
7282.jpeg	https://res.cloudinary.com/dsu60ie3p/image/upload/v1554921525/file_hl7udg.jpg
7391.png	https://res.cloudinary.com/dsu60ie3p/image/upload/v1554921526/file_h8anwj.jpg
7385.png	https://res.cloudinary.com/dsu60ie3p/image/upload/v1554921527/file_sppuyd.jpg
7408.png	https://res.cloudinary.com/dsu60ie3p/image/upload/v1554921527/file_ltxi7i.jpg
7514.jpeg	https://res.cloudinary.com/dsu60ie3p/image/upload/v1554921528/file_bcc7ka.jpg
8049.png	https://res.cloudinary.com/dsu60ie3p/image/upload/v1554921529/file_nd1xl2.jpg
8061.png	https://res.cloudinary.com/dsu60ie3p/image/upload/v1554921529/file_wnqz6n.jpg
7352.png	https://res.cloudinary.com/dsu60ie3p/image/upload/v1554921530/file_nmcanl.jpg
7420.png	https://res.cloudinary.com/dsu60ie3p/image/upload/v1554921531/file_umi9wk.jpg
8075.png	https://res.cloudinary.com/dsu60ie3p/image/upload/v1554921532/file_dpovah.jpg
7346.png	https://res.cloudinary.com/dsu60ie3p/image/upload/v1554921533/file_ntn0to.jpg
7421.png	https://res.cloudinary.com/dsu60ie3p/image/upload/v1554921534/file_yyfe7b.jpg
7353.png	https://res.cloudinary.com/dsu60ie3p/image/upload/v1554921534/file_cipalm.jpg
8060.png	https://res.cloudinary.com/dsu60ie3p/image/upload/v1554921535/file_gvnrvh.jpg
8048.png	https://res.cloudinary.com/dsu60ie3p/image/upload/v1554921536/file_h22au6.jpg
7384.png	https://res.cloudinary.com/dsu60ie3p/image/upload/v1554921536/file_a5fepw.jpg
7390.png	https://res.cloudinary.com/dsu60ie3p/image/upload/v1554921537/file_av9dhp.jpg
7754.jpeg	https://res.cloudinary.com/dsu60ie3p/image/upload/v1554921540/file_q7eb3m.jpg
7838.png	https://res.cloudinary.com/dsu60ie3p/image/upload/v1554921541/file_cntcno.jpg
7804.png	https://res.cloudinary.com/dsu60ie3p/image/upload/v1554921541/file_zgfd1m.jpg
7538.jpeg	https://res.cloudinary.com/dsu60ie3p/image/upload/v1554921542/file_fxqgh0.jpg
8008.jpeg	https://res.cloudinary.com/dsu60ie3p/image/upload/v1554921542/file_g5kgax.jpg
7743.png	https://res.cloudinary.com/dsu60ie3p/image/upload/v1554921543/file_hlhl2x.jpg
7312.jpeg	https://res.cloudinary.com/dsu60ie3p/image/upload/v1554921544/file_zwli0g.jpg
7938.jpeg	https://res.cloudinary.com/dsu60ie3p/image/upload/v1554921546/file_yysiqa.jpg
7794.png	https://res.cloudinary.com/dsu60ie3p/image/upload/v1554921547/file_itrepk.jpg
7958.png	https://res.cloudinary.com/dsu60ie3p/image/upload/v1554921547/file_cwahsi.jpg
7964.png	https://res.cloudinary.com/dsu60ie3p/image/upload/v1554921548/file_z7bddw.jpg
7555.png	https://res.cloudinary.com/dsu60ie3p/image/upload/v1554921549/file_zwacio.jpg
7541.png	https://res.cloudinary.com/dsu60ie3p/image/upload/v1554921550/file_ein9rv.jpg
7650.jpeg	https://res.cloudinary.com/dsu60ie3p/image/upload/v1554921550/file_k8bnv7.jpg
7345.jpeg	https://res.cloudinary.com/dsu60ie3p/image/upload/v1554921551/file_r4ifn2.jpg
7596.jpeg	https://res.cloudinary.com/dsu60ie3p/image/upload/v1554921552/file_tnq1cn.jpg
7582.png	https://res.cloudinary.com/dsu60ie3p/image/upload/v1554921552/file_zg1ker.jpg
7980.jpeg	https://res.cloudinary.com/dsu60ie3p/image/upload/v1554921554/file_nwz9cb.jpg
7597.jpeg	https://res.cloudinary.com/dsu60ie3p/image/upload/v1554921555/file_ghia7m.jpg
7592.png	https://res.cloudinary.com/dsu60ie3p/image/upload/v1554921556/file_hl8wq4.jpg
7981.jpeg	https://res.cloudinary.com/dsu60ie3p/image/upload/v1554921557/file_azvouk.jpg
7578.jpeg	https://res.cloudinary.com/dsu60ie3p/image/upload/v1554921558/file_vb0bmv.jpg
7651.jpeg	https://res.cloudinary.com/dsu60ie3p/image/upload/v1554921559/file_qc10ad.jpg
7344.jpeg	https://res.cloudinary.com/dsu60ie3p/image/upload/v1554921559/file_awlcpm.jpg
7579.png	https://res.cloudinary.com/dsu60ie3p/image/upload/v1554921560/file_ehmzfh.jpg
7784.png	https://res.cloudinary.com/dsu60ie3p/image/upload/v1554921561/file_wb5pbz.jpg
7313.jpeg	https://res.cloudinary.com/dsu60ie3p/image/upload/v1554921563/file_gmxqjy.jpg
7885.jpeg	https://res.cloudinary.com/dsu60ie3p/image/upload/v1554921564/file_nu16k2.jpg
7539.jpeg	https://res.cloudinary.com/dsu60ie3p/image/upload/v1554921564/file_zkfckk.jpg
7800.png	https://res.cloudinary.com/dsu60ie3p/image/upload/v1554921565/file_u1s9ra.jpg
7633.png	https://res.cloudinary.com/dsu60ie3p/image/upload/v1554921567/file_swgbwc.jpg
7627.png	https://res.cloudinary.com/dsu60ie3p/image/upload/v1554921568/file_ulzljb.jpg
7610.jpeg	https://res.cloudinary.com/dsu60ie3p/image/upload/v1554921568/file_wicyh6.jpg
7305.jpeg	https://res.cloudinary.com/dsu60ie3p/image/upload/v1554921569/file_ueye8m.jpg
7380.png	https://res.cloudinary.com/dsu60ie3p/image/upload/v1554921570/file_js25pn.jpg
7647.jpeg	https://res.cloudinary.com/dsu60ie3p/image/upload/v1554921570/file_yxem84.jpg
7431.png	https://res.cloudinary.com/dsu60ie3p/image/upload/v1554921571/file_bvhyxd.jpg
8064.png	https://res.cloudinary.com/dsu60ie3p/image/upload/v1554921574/file_oimxos.jpg
7357.png	https://res.cloudinary.com/dsu60ie3p/image/upload/v1554921575/file_bdtkjo.jpg
8070.png	https://res.cloudinary.com/dsu60ie3p/image/upload/v1554921576/file_mgbuqo.jpg
7343.png	https://res.cloudinary.com/dsu60ie3p/image/upload/v1554921576/file_csgoem.jpg
7425.png	https://res.cloudinary.com/dsu60ie3p/image/upload/v1554921577/file_kd4ua1.jpg
8058.png	https://res.cloudinary.com/dsu60ie3p/image/upload/v1554921578/file_owavyq.jpg
7418.png	https://res.cloudinary.com/dsu60ie3p/image/upload/v1554921579/file_h3tpcz.jpg
8059.png	https://res.cloudinary.com/dsu60ie3p/image/upload/v1554921580/file_oychyy.jpg
8071.png	https://res.cloudinary.com/dsu60ie3p/image/upload/v1554921581/file_jjaedf.jpg
7903.jpeg	https://res.cloudinary.com/dsu60ie3p/image/upload/v1554921581/file_rh1cgv.jpg
7430.png	https://res.cloudinary.com/dsu60ie3p/image/upload/v1554921582/file_nehwyb.jpg
7356.png	https://res.cloudinary.com/dsu60ie3p/image/upload/v1554921583/file_rxnlvy.jpg
8065.png	https://res.cloudinary.com/dsu60ie3p/image/upload/v1554921584/file_ybvxiv.jpg
7283.jpeg	https://res.cloudinary.com/dsu60ie3p/image/upload/v1554921585/file_asprby.jpg
7779.jpeg	https://res.cloudinary.com/dsu60ie3p/image/upload/v1554921586/file_kfhugq.jpg
7381.png	https://res.cloudinary.com/dsu60ie3p/image/upload/v1554921587/file_edwrll.jpg
8033.jpeg	https://res.cloudinary.com/dsu60ie3p/image/upload/v1554921587/file_melu6c.jpg
7395.png	https://res.cloudinary.com/dsu60ie3p/image/upload/v1554921588/file_vljefv.jpg
7407.jpeg	https://res.cloudinary.com/dsu60ie3p/image/upload/v1554921588/file_ln6gnd.jpg
7632.png	https://res.cloudinary.com/dsu60ie3p/image/upload/v1554921589/file_letadj.jpg
7801.png	https://res.cloudinary.com/dsu60ie3p/image/upload/v1554921590/file_ifnqgb.jpg
7829.png	https://res.cloudinary.com/dsu60ie3p/image/upload/v1554921591/file_rkl3fe.jpg
7554.jpeg	https://res.cloudinary.com/dsu60ie3p/image/upload/v1554921592/file_x0azde.jpg
7752.png	https://res.cloudinary.com/dsu60ie3p/image/upload/v1554921592/file_ritsib.jpg
7746.png	https://res.cloudinary.com/dsu60ie3p/image/upload/v1554921593/file_kixm3n.jpg
7975.png	https://res.cloudinary.com/dsu60ie3p/image/upload/v1554921594/file_gwz5bx.jpg
7692.jpeg	https://res.cloudinary.com/dsu60ie3p/image/upload/v1554921595/file_vldgfl.jpg
8072.jpeg	https://res.cloudinary.com/dsu60ie3p/image/upload/v1554921596/file_crd0xd.jpg
7791.png	https://res.cloudinary.com/dsu60ie3p/image/upload/v1554921597/file_sb21fl.jpg
7387.jpeg	https://res.cloudinary.com/dsu60ie3p/image/upload/v1554921597/file_idmlfi.jpg
7503.jpeg	https://res.cloudinary.com/dsu60ie3p/image/upload/v1554921598/file_gogigw.jpg
7550.png	https://res.cloudinary.com/dsu60ie3p/image/upload/v1554921598/file_otfueo.jpg
7593.png	https://res.cloudinary.com/dsu60ie3p/image/upload/v1554921599/file_irna9r.jpg
7780.jpeg	https://res.cloudinary.com/dsu60ie3p/image/upload/v1554921600/file_xutejz.jpg
7552.png	https://res.cloudinary.com/dsu60ie3p/image/upload/v1554921601/file_bwhgsg.jpg
7546.png	https://res.cloudinary.com/dsu60ie3p/image/upload/v1554921602/file_vynlf4.jpg
7793.png	https://res.cloudinary.com/dsu60ie3p/image/upload/v1554921602/file_atrxf6.jpg
7787.png	https://res.cloudinary.com/dsu60ie3p/image/upload/v1554921603/file_qmrtgl.jpg
7750.png	https://res.cloudinary.com/dsu60ie3p/image/upload/v1554921603/file_a5azqh.jpg
7744.png	https://res.cloudinary.com/dsu60ie3p/image/upload/v1554921605/file_iycuov.jpg
7935.jpeg	https://res.cloudinary.com/dsu60ie3p/image/upload/v1554921606/file_isr6dr.jpg
7778.png	https://res.cloudinary.com/dsu60ie3p/image/upload/v1554921607/file_fmceue.jpg
8013.jpeg	https://res.cloudinary.com/dsu60ie3p/image/upload/v1554921607/file_yecx0w.jpg
7803.png	https://res.cloudinary.com/dsu60ie3p/image/upload/v1554921608/file_re4q8e.jpg
7759.jpeg	https://res.cloudinary.com/dsu60ie3p/image/upload/v1554921608/file_tqshdq.jpg
7309.jpeg	https://res.cloudinary.com/dsu60ie3p/image/upload/v1554921609/file_f890eo.jpg
7624.png	https://res.cloudinary.com/dsu60ie3p/image/upload/v1554921610/file_ayq96u.jpg
7630.png	https://res.cloudinary.com/dsu60ie3p/image/upload/v1554921611/file_zmhsss.jpg
7535.jpeg	https://res.cloudinary.com/dsu60ie3p/image/upload/v1554921612/file_awjczp.jpg
7618.png	https://res.cloudinary.com/dsu60ie3p/image/upload/v1554921613/file_ug0aic.jpg
7383.png	https://res.cloudinary.com/dsu60ie3p/image/upload/v1554921613/file_veq4l3.jpg
7397.png	https://res.cloudinary.com/dsu60ie3p/image/upload/v1554921614/file_pe3efq.jpg
7426.png	https://res.cloudinary.com/dsu60ie3p/image/upload/v1554921615/file_fnjn3y.jpg
7427.jpeg	https://res.cloudinary.com/dsu60ie3p/image/upload/v1554921615/file_pkggt4.jpg
8073.png	https://res.cloudinary.com/dsu60ie3p/image/upload/v1554921616/file_q8byqw.jpg
7354.png	https://res.cloudinary.com/dsu60ie3p/image/upload/v1554921617/file_olmj5v.jpg
7974.jpeg	https://res.cloudinary.com/dsu60ie3p/image/upload/v1554921618/file_z5uk4h.jpg
7432.png	https://res.cloudinary.com/dsu60ie3p/image/upload/v1554921619/file_ch8wlv.jpg
7368.png	https://res.cloudinary.com/dsu60ie3p/image/upload/v1554921620/file_fbnez0.jpg
7369.png	https://res.cloudinary.com/dsu60ie3p/image/upload/v1554921621/file_sgyac9.jpg
7325.jpeg	https://res.cloudinary.com/dsu60ie3p/image/upload/v1554921621/file_jjwcgg.jpg
7775.jpeg	https://res.cloudinary.com/dsu60ie3p/image/upload/v1554921622/file_xetp6n.jpg
8066.png	https://res.cloudinary.com/dsu60ie3p/image/upload/v1554921623/file_djwxpn.jpg
7355.png	https://res.cloudinary.com/dsu60ie3p/image/upload/v1554921624/file_vvj701.jpg
7341.png	https://res.cloudinary.com/dsu60ie3p/image/upload/v1554921625/file_zecn4o.jpg
7519.jpeg	https://res.cloudinary.com/dsu60ie3p/image/upload/v1554921626/file_wtdzro.jpg
7382.png	https://res.cloudinary.com/dsu60ie3p/image/upload/v1554921626/file_mxlfvh.jpg
7722.jpeg	https://res.cloudinary.com/dsu60ie3p/image/upload/v1554921628/file_l5iqmv.jpg
7688.jpeg	https://res.cloudinary.com/dsu60ie3p/image/upload/v1554921629/file_guvadw.jpg
7619.png	https://res.cloudinary.com/dsu60ie3p/image/upload/v1554921629/file_wtrfks.jpg
7631.png	https://res.cloudinary.com/dsu60ie3p/image/upload/v1554921631/file_d09gdd.jpg
8068.jpeg	https://res.cloudinary.com/dsu60ie3p/image/upload/v1554921633/file_kfzqtj.jpg
7625.png	https://res.cloudinary.com/dsu60ie3p/image/upload/v1554921634/file_edmuog.jpg
7751.png	https://res.cloudinary.com/dsu60ie3p/image/upload/v1554921635/file_osagcb.jpg
7962.png	https://res.cloudinary.com/dsu60ie3p/image/upload/v1554921636/file_kprq1m.jpg
7786.png	https://res.cloudinary.com/dsu60ie3p/image/upload/v1554921636/file_xrtv7o.jpg
7299.jpeg	https://res.cloudinary.com/dsu60ie3p/image/upload/v1554921637/file_gornji.jpg
7626.jpeg	https://res.cloudinary.com/dsu60ie3p/image/upload/v1554921638/file_qefln3.jpg
7547.png	https://res.cloudinary.com/dsu60ie3p/image/upload/v1554921639/file_f1ezmg.jpg
7276.jpeg	https://res.cloudinary.com/dsu60ie3p/image/upload/v1554921640/file_adbiq7.jpg
7598.jpeg	https://res.cloudinary.com/dsu60ie3p/image/upload/v1554921640/file_inni4p.jpg
7576.png	https://res.cloudinary.com/dsu60ie3p/image/upload/v1554921641/file_jqh32y.jpg
7562.png	https://res.cloudinary.com/dsu60ie3p/image/upload/v1554921642/file_ot1p37.jpg
7961.jpeg	https://res.cloudinary.com/dsu60ie3p/image/upload/v1554921642/file_lnink3.jpg
7953.png	https://res.cloudinary.com/dsu60ie3p/image/upload/v1554921643/file_cfnpcr.jpg
7947.png	https://res.cloudinary.com/dsu60ie3p/image/upload/v1554921645/file_l2pypw.jpg
8006.jpeg	https://res.cloudinary.com/dsu60ie3p/image/upload/v1554921645/file_dackhc.jpg
7609.jpeg	https://res.cloudinary.com/dsu60ie3p/image/upload/v1554921646/file_ipddxm.jpg
7748.png	https://res.cloudinary.com/dsu60ie3p/image/upload/v1554921647/file_roo6da.jpg
7984.png	https://res.cloudinary.com/dsu60ie3p/image/upload/v1554921647/file_vbrbpr.jpg
7774.png	https://res.cloudinary.com/dsu60ie3p/image/upload/v1554921648/file_zoajnq.jpg
7827.png	https://res.cloudinary.com/dsu60ie3p/image/upload/v1554921649/file_cvecb6.jpg
8010.jpeg	https://res.cloudinary.com/dsu60ie3p/image/upload/v1554921649/file_q3nylt.jpg
7473.jpeg	https://res.cloudinary.com/dsu60ie3p/image/upload/v1554921650/file_keqkrz.jpg
7920.jpeg	https://res.cloudinary.com/dsu60ie3p/image/upload/v1554921650/file_srfe7p.jpg
7614.png	https://res.cloudinary.com/dsu60ie3p/image/upload/v1554921651/file_dfg59t.jpg
8047.jpeg	https://res.cloudinary.com/dsu60ie3p/image/upload/v1554921652/file_pevy1c.jpg
7358.png	https://res.cloudinary.com/dsu60ie3p/image/upload/v1554921653/file_ruly2e.jpg
7364.png	https://res.cloudinary.com/dsu60ie3p/image/upload/v1554921654/file_ymdwnc.jpg
7977.jpeg	https://res.cloudinary.com/dsu60ie3p/image/upload/v1554921655/file_yt0kme.jpg
7402.png	https://res.cloudinary.com/dsu60ie3p/image/upload/v1554921656/file_wsempa.jpg
7416.png	https://res.cloudinary.com/dsu60ie3p/image/upload/v1554921657/file_kzr7wr.jpg
7424.jpeg	https://res.cloudinary.com/dsu60ie3p/image/upload/v1554921657/file_odhfuq.jpg
7263.jpeg	https://res.cloudinary.com/dsu60ie3p/image/upload/v1554921658/file_lmjr7d.jpg
7417.png	https://res.cloudinary.com/dsu60ie3p/image/upload/v1554921659/file_kb7ktw.jpg
8056.png	https://res.cloudinary.com/dsu60ie3p/image/upload/v1554921660/file_aigyh6.jpg
7365.png	https://res.cloudinary.com/dsu60ie3p/image/upload/v1554921661/file_ojwna7.jpg
7326.jpeg	https://res.cloudinary.com/dsu60ie3p/image/upload/v1554921662/file_m2enuw.jpg
7776.jpeg	https://res.cloudinary.com/dsu60ie3p/image/upload/v1554921663/file_qyhv6f.jpg
8081.png	https://res.cloudinary.com/dsu60ie3p/image/upload/v1554921664/file_ct6r5z.jpg
7615.png	https://res.cloudinary.com/dsu60ie3p/image/upload/v1554921665/file_lpqxvi.jpg
7601.png	https://res.cloudinary.com/dsu60ie3p/image/upload/v1554921666/file_rzyt6q.jpg
7721.jpeg	https://res.cloudinary.com/dsu60ie3p/image/upload/v1554921666/file_yfllte.jpg
7371.jpeg	https://res.cloudinary.com/dsu60ie3p/image/upload/v1554921668/file_aurrfs.jpg
7832.png	https://res.cloudinary.com/dsu60ie3p/image/upload/v1554921668/file_vufklb.jpg
7826.png	https://res.cloudinary.com/dsu60ie3p/image/upload/v1554921669/file_xidpq4.jpg
7761.png	https://res.cloudinary.com/dsu60ie3p/image/upload/v1554921669/file_i7ar0n.jpg
7672.jpeg	https://res.cloudinary.com/dsu60ie3p/image/upload/v1554921670/file_ptbgfn.jpg
7985.png	https://res.cloudinary.com/dsu60ie3p/image/upload/v1554921671/file_j7k030.jpg
7991.png	https://res.cloudinary.com/dsu60ie3p/image/upload/v1554921672/file_zs57ux.jpg
7749.png	https://res.cloudinary.com/dsu60ie3p/image/upload/v1554921672/file_ptnvim.jpg
7367.jpeg	https://res.cloudinary.com/dsu60ie3p/image/upload/v1554921673/file_purcfj.jpg
7737.jpeg	https://res.cloudinary.com/dsu60ie3p/image/upload/v1554921674/file_txfieu.jpg
7952.png	https://res.cloudinary.com/dsu60ie3p/image/upload/v1554921677/file_ffkfqi.jpg
7563.png	https://res.cloudinary.com/dsu60ie3p/image/upload/v1554921678/file_kl1mhd.jpg
7577.png	https://res.cloudinary.com/dsu60ie3p/image/upload/v1554921681/file_ljhh8p.jpg
7760.jpeg	https://res.cloudinary.com/dsu60ie3p/image/upload/v1554921682/file_hfunke.jpg
7449.jpeg	https://res.cloudinary.com/dsu60ie3p/image/upload/v1554921683/file_oduu8l.jpg
7588.png	https://res.cloudinary.com/dsu60ie3p/image/upload/v1554921684/file_gcmcka.jpg
7982.jpeg	https://res.cloudinary.com/dsu60ie3p/image/upload/v1554921685/file_dz0h3d.jpg
7828.jpeg	https://res.cloudinary.com/dsu60ie3p/image/upload/v1554921685/file_jnren2.jpg
7549.png	https://res.cloudinary.com/dsu60ie3p/image/upload/v1554921686/file_m7zhp1.jpg
7347.jpeg	https://res.cloudinary.com/dsu60ie3p/image/upload/v1554921688/file_k6fluw.jpg
7561.png	https://res.cloudinary.com/dsu60ie3p/image/upload/v1554921691/file_wnstzh.jpg
7950.png	https://res.cloudinary.com/dsu60ie3p/image/upload/v1554921692/file_jrs1bo.jpg
7978.png	https://res.cloudinary.com/dsu60ie3p/image/upload/v1554921692/file_rstqrx.jpg
7890.jpeg	https://res.cloudinary.com/dsu60ie3p/image/upload/v1554921693/file_u0q7dz.jpg
7763.png	https://res.cloudinary.com/dsu60ie3p/image/upload/v1554921694/file_gcijsd.jpg
7605.jpeg	https://res.cloudinary.com/dsu60ie3p/image/upload/v1554921694/file_ymwva9.jpg
7777.png	https://res.cloudinary.com/dsu60ie3p/image/upload/v1554921695/file_hrxfkz.jpg
7830.png	https://res.cloudinary.com/dsu60ie3p/image/upload/v1554921696/file_nyhlnw.jpg
7824.png	https://res.cloudinary.com/dsu60ie3p/image/upload/v1554921697/file_otwauf.jpg
7818.png	https://res.cloudinary.com/dsu60ie3p/image/upload/v1554921698/file_ps81qj.jpg
7613.jpeg	https://res.cloudinary.com/dsu60ie3p/image/upload/v1554921698/file_y0rrrq.jpg
7701.jpeg	https://res.cloudinary.com/dsu60ie3p/image/upload/v1554921699/file_v5vbxy.jpg
7429.png	https://res.cloudinary.com/dsu60ie3p/image/upload/v1554921700/file_ycpmsj.jpg
7373.png	https://res.cloudinary.com/dsu60ie3p/image/upload/v1554921700/file_juegxc.jpg
7644.jpeg	https://res.cloudinary.com/dsu60ie3p/image/upload/v1554921701/file_a1yuo5.jpg
8054.png	https://res.cloudinary.com/dsu60ie3p/image/upload/v1554921702/file_ixbzpw.jpg
7400.png	https://res.cloudinary.com/dsu60ie3p/image/upload/v1554921703/file_fu5wkk.jpg
7366.png	https://res.cloudinary.com/dsu60ie3p/image/upload/v1554921703/file_i7p3nb.jpg
8055.png	https://res.cloudinary.com/dsu60ie3p/image/upload/v1554921704/file_pfu2ea.jpg
7372.png	https://res.cloudinary.com/dsu60ie3p/image/upload/v1554921705/file_ttd6ze.jpg
8041.png	https://res.cloudinary.com/dsu60ie3p/image/upload/v1554921706/file_sutr68.jpg
7900.jpeg	https://res.cloudinary.com/dsu60ie3p/image/upload/v1554921707/file_nkwrss.jpg
7414.png	https://res.cloudinary.com/dsu60ie3p/image/upload/v1554921708/file_ma78bq.jpg
8069.png	https://res.cloudinary.com/dsu60ie3p/image/upload/v1554921709/file_el5dqn.jpg
7516.jpeg	https://res.cloudinary.com/dsu60ie3p/image/upload/v1554921711/file_i0w1fb.jpg
7428.png	https://res.cloudinary.com/dsu60ie3p/image/upload/v1554921712/file_nh5vs2.jpg
8030.jpeg	https://res.cloudinary.com/dsu60ie3p/image/upload/v1554921713/file_iqekfl.jpg
7795.jpeg	https://res.cloudinary.com/dsu60ie3p/image/upload/v1554921715/file_syygki.jpg
7399.png	https://res.cloudinary.com/dsu60ie3p/image/upload/v1554921716/file_rlpn6s.jpg
7957.jpeg	https://res.cloudinary.com/dsu60ie3p/image/upload/v1554921717/file_mr1zb2.jpg
7602.png	https://res.cloudinary.com/dsu60ie3p/image/upload/v1554921717/file_noktxa.jpg
7616.png	https://res.cloudinary.com/dsu60ie3p/image/upload/v1554921718/file_wp2znc.jpg
8067.jpeg	https://res.cloudinary.com/dsu60ie3p/image/upload/v1554921719/file_op55mq.jpg
7668.jpeg	https://res.cloudinary.com/dsu60ie3p/image/upload/v1554921720/file_rwhen7.jpg
7825.png	https://res.cloudinary.com/dsu60ie3p/image/upload/v1554921721/file_ereypu.jpg
7831.png	https://res.cloudinary.com/dsu60ie3p/image/upload/v1554921721/file_fdwjpv.jpg
7412.jpeg	https://res.cloudinary.com/dsu60ie3p/image/upload/v1554921722/file_nkbkba.jpg
7762.png	https://res.cloudinary.com/dsu60ie3p/image/upload/v1554921723/file_f6k0r3.jpg
7941.jpeg	https://res.cloudinary.com/dsu60ie3p/image/upload/v1554921724/file_m8tbfz.jpg
7992.png	https://res.cloudinary.com/dsu60ie3p/image/upload/v1554921726/file_iyedia.jpg
7557.jpeg	https://res.cloudinary.com/dsu60ie3p/image/upload/v1554921726/file_sjgwop.jpg
7979.png	https://res.cloudinary.com/dsu60ie3p/image/upload/v1554921727/file_vi4kzh.jpg
7789.png	https://res.cloudinary.com/dsu60ie3p/image/upload/v1554921728/file_zsgonq.jpg
7951.png	https://res.cloudinary.com/dsu60ie3p/image/upload/v1554921728/file_avkhp2.jpg
7945.png	https://res.cloudinary.com/dsu60ie3p/image/upload/v1554921729/file_hfr1qe.jpg
7574.png	https://res.cloudinary.com/dsu60ie3p/image/upload/v1554921731/file_nkxg2l.jpg
7916.jpeg	https://res.cloudinary.com/dsu60ie3p/image/upload/v1554921732/file_sq2n9o.jpg
7445.jpeg	https://res.cloudinary.com/dsu60ie3p/image/upload/v1554921733/file_dwe573.jpg
7560.png	https://res.cloudinary.com/dsu60ie3p/image/upload/v1554921734/file_gaziil.jpg
7500.jpeg	https://res.cloudinary.com/dsu60ie3p/image/upload/v1554921734/file_b3at9h.jpg
7853.jpeg	https://res.cloudinary.com/dsu60ie3p/image/upload/v1554921735/file_bi2i6j.jpg
7629.jpeg	https://res.cloudinary.com/dsu60ie3p/image/upload/v1554921735/file_qlgxqw.jpg
7296.jpeg	https://res.cloudinary.com/dsu60ie3p/image/upload/v1554921736/file_klwmw6.jpg
7278.jpeg	https://res.cloudinary.com/dsu60ie3p/image/upload/v1554921736/file_okvfbr.jpg
7628.jpeg	https://res.cloudinary.com/dsu60ie3p/image/upload/v1554921738/file_lthzp0.jpg
7501.jpeg	https://res.cloudinary.com/dsu60ie3p/image/upload/v1554921739/file_rjdtwi.jpg
7558.png	https://res.cloudinary.com/dsu60ie3p/image/upload/v1554921741/file_fdfgqs.jpg
7969.png	https://res.cloudinary.com/dsu60ie3p/image/upload/v1554921742/file_y69ozk.jpg
7799.png	https://res.cloudinary.com/dsu60ie3p/image/upload/v1554921743/file_zsd0js.jpg
7955.png	https://res.cloudinary.com/dsu60ie3p/image/upload/v1554921744/file_gc3urv.jpg
7766.png	https://res.cloudinary.com/dsu60ie3p/image/upload/v1554921745/file_h5fyo3.jpg
7413.jpeg	https://res.cloudinary.com/dsu60ie3p/image/upload/v1554921745/file_g5mvs5.jpg
7940.jpeg	https://res.cloudinary.com/dsu60ie3p/image/upload/v1554921752/file_d4ucy0.jpg
7996.png	https://res.cloudinary.com/dsu60ie3p/image/upload/v1554921753/file_vh1tji.jpg
7809.png	https://res.cloudinary.com/dsu60ie3p/image/upload/v1554921754/file_eo5csk.jpg
7686.jpeg	https://res.cloudinary.com/dsu60ie3p/image/upload/v1554921755/file_yckvsy.jpg
7956.jpeg	https://res.cloudinary.com/dsu60ie3p/image/upload/v1554921757/file_tooxal.jpg
7606.png	https://res.cloudinary.com/dsu60ie3p/image/upload/v1554921757/file_nok6xz.jpg
7405.jpeg	https://res.cloudinary.com/dsu60ie3p/image/upload/v1554921758/file_fwodsn.jpg
7540.jpeg	https://res.cloudinary.com/dsu60ie3p/image/upload/v1554921760/file_jlfq9d.jpg
7281.jpeg	https://res.cloudinary.com/dsu60ie3p/image/upload/v1554921761/file_nhyjrz.jpg
7389.png	https://res.cloudinary.com/dsu60ie3p/image/upload/v1554921766/file_pvhxgs.jpg
8045.png	https://res.cloudinary.com/dsu60ie3p/image/upload/v1554921767/file_g9aosy.jpg
8051.png	https://res.cloudinary.com/dsu60ie3p/image/upload/v1554921768/file_ptl8ih.jpg
7362.png	https://res.cloudinary.com/dsu60ie3p/image/upload/v1554921776/file_jsxnog.jpg
7404.png	https://res.cloudinary.com/dsu60ie3p/image/upload/v1554921777/file_hqh6kc.jpg
7438.png	https://res.cloudinary.com/dsu60ie3p/image/upload/v1554921778/file_rtdjfj.jpg
7350.jpeg	https://res.cloudinary.com/dsu60ie3p/image/upload/v1554921779/file_ih3unx.jpg
8078.png	https://res.cloudinary.com/dsu60ie3p/image/upload/v1554921779/file_pqewun.jpg
7363.png	https://res.cloudinary.com/dsu60ie3p/image/upload/v1554921780/file_tg3afa.jpg
8050.png	https://res.cloudinary.com/dsu60ie3p/image/upload/v1554921781/file_hlfhxh.jpg
7411.png	https://res.cloudinary.com/dsu60ie3p/image/upload/v1554921782/file_celhyt.jpg
8044.png	https://res.cloudinary.com/dsu60ie3p/image/upload/v1554921783/file_o9wh6p.jpg
7388.png	https://res.cloudinary.com/dsu60ie3p/image/upload/v1554921783/file_rsk2n4.jpg
7757.jpeg	https://res.cloudinary.com/dsu60ie3p/image/upload/v1554921784/file_bjzs1f.jpg
7607.png	https://res.cloudinary.com/dsu60ie3p/image/upload/v1554921785/file_oewdp0.jpg
7612.jpeg	https://res.cloudinary.com/dsu60ie3p/image/upload/v1554921786/file_cg710v.jpg
7820.png	https://res.cloudinary.com/dsu60ie3p/image/upload/v1554921786/file_qmwhhf.jpg
7834.png	https://res.cloudinary.com/dsu60ie3p/image/upload/v1554921787/file_ovblzv.jpg
7808.png	https://res.cloudinary.com/dsu60ie3p/image/upload/v1554921792/file_qb3fto.jpg
7997.png	https://res.cloudinary.com/dsu60ie3p/image/upload/v1554921793/file_c4ndrl.jpg
7741.jpeg	https://res.cloudinary.com/dsu60ie3p/image/upload/v1554921794/file_wp2hbq.jpg
7773.png	https://res.cloudinary.com/dsu60ie3p/image/upload/v1554921795/file_sq0rqd.jpg
7767.png	https://res.cloudinary.com/dsu60ie3p/image/upload/v1554921796/file_mxiazd.jpg
7954.png	https://res.cloudinary.com/dsu60ie3p/image/upload/v1554921798/file_ws4bgf.jpg
7798.png	https://res.cloudinary.com/dsu60ie3p/image/upload/v1554921799/file_o7a1qm.jpg
7968.png	https://res.cloudinary.com/dsu60ie3p/image/upload/v1554921799/file_cu3w0z.jpg
7891.jpeg	https://res.cloudinary.com/dsu60ie3p/image/upload/v1554921801/file_okvwtx.jpg
7559.png	https://res.cloudinary.com/dsu60ie3p/image/upload/v1554921802/file_ktp5g8.jpg
7571.png	https://res.cloudinary.com/dsu60ie3p/image/upload/v1554921803/file_we33ci.jpg
7565.png	https://res.cloudinary.com/dsu60ie3p/image/upload/v1554921804/file_pbe7iv.jpg
7983.jpeg	https://res.cloudinary.com/dsu60ie3p/image/upload/v1554921804/file_aoevsc.jpg
7942.png	https://res.cloudinary.com/dsu60ie3p/image/upload/v1554921805/file_rvpmsa.jpg
7771.png	https://res.cloudinary.com/dsu60ie3p/image/upload/v1554921806/file_eyoayf.jpg
7673.jpeg	https://res.cloudinary.com/dsu60ie3p/image/upload/v1554921807/file_lblfn5.jpg
7995.png	https://res.cloudinary.com/dsu60ie3p/image/upload/v1554921808/file_tt8kqy.jpg
7409.jpeg	https://res.cloudinary.com/dsu60ie3p/image/upload/v1554921808/file_boo585.jpg
7611.png	https://res.cloudinary.com/dsu60ie3p/image/upload/v1554921809/file_w7nj4k.jpg
7370.jpeg	https://res.cloudinary.com/dsu60ie3p/image/upload/v1554921809/file_srpgqa.jpg
7361.png	https://res.cloudinary.com/dsu60ie3p/image/upload/v1554921810/file_qnkixf.jpg
8052.png	https://res.cloudinary.com/dsu60ie3p/image/upload/v1554921811/file_xplzlo.jpg
7375.png	https://res.cloudinary.com/dsu60ie3p/image/upload/v1554921812/file_inb1vb.jpg
8046.png	https://res.cloudinary.com/dsu60ie3p/image/upload/v1554921812/file_iv8r2s.jpg
7327.jpeg	https://res.cloudinary.com/dsu60ie3p/image/upload/v1554921813/file_ydxkdl.jpg
7349.png	https://res.cloudinary.com/dsu60ie3p/image/upload/v1554921814/file_ohcd2p.jpg
7348.png	https://res.cloudinary.com/dsu60ie3p/image/upload/v1554921814/file_lmf4c2.jpg
7999.jpeg	https://res.cloudinary.com/dsu60ie3p/image/upload/v1554921817/file_lwgk1o.jpg
7833.jpeg	https://res.cloudinary.com/dsu60ie3p/image/upload/v1554921818/file_f9lqo9.jpg
7374.png	https://res.cloudinary.com/dsu60ie3p/image/upload/v1554921819/file_vwkhwt.jpg
7976.jpeg	https://res.cloudinary.com/dsu60ie3p/image/upload/v1554921824/file_gmzspb.jpg
7406.png	https://res.cloudinary.com/dsu60ie3p/image/upload/v1554921825/file_eee3re.jpg
8053.png	https://res.cloudinary.com/dsu60ie3p/image/upload/v1554921825/file_aypbok.jpg
7360.png	https://res.cloudinary.com/dsu60ie3p/image/upload/v1554921826/file_fyalay.jpg
7864.jpeg	https://res.cloudinary.com/dsu60ie3p/image/upload/v1554921826/file_dhphox.jpg
7638.png	https://res.cloudinary.com/dsu60ie3p/image/upload/v1554921827/file_lbr8lb.jpg
7537.jpeg	https://res.cloudinary.com/dsu60ie3p/image/upload/v1554921828/file_qz7ynf.jpg
7921.jpeg	https://res.cloudinary.com/dsu60ie3p/image/upload/v1554921828/file_mlmkcx.jpg
7604.png	https://res.cloudinary.com/dsu60ie3p/image/upload/v1554921829/file_ecudd4.jpg
7837.png	https://res.cloudinary.com/dsu60ie3p/image/upload/v1554921829/file_n8s46o.jpg
7823.png	https://res.cloudinary.com/dsu60ie3p/image/upload/v1554921830/file_x0qths.jpg
7994.png	https://res.cloudinary.com/dsu60ie3p/image/upload/v1554921831/file_bljthh.jpg
7872.jpeg	https://res.cloudinary.com/dsu60ie3p/image/upload/v1554921832/file_hbmesa.jpg
7764.png	https://res.cloudinary.com/dsu60ie3p/image/upload/v1554921833/file_fa2jwk.jpg
7770.png	https://res.cloudinary.com/dsu60ie3p/image/upload/v1554921833/file_zxyqmw.jpg
7433.jpeg	https://res.cloudinary.com/dsu60ie3p/image/upload/v1554921834/file_xldarb.jpg
7572.png	https://res.cloudinary.com/dsu60ie3p/image/upload/v1554921835/file_qmh1pw.jpg
7960.jpeg	https://res.cloudinary.com/dsu60ie3p/image/upload/v1554921835/file_txa60s.jpg
7599.png	https://res.cloudinary.com/dsu60ie3p/image/upload/v1554921836/file_hkpgbs.jpg
7298.png	https://res.cloudinary.com/dsu60ie3p/image/upload/v1554921837/file_okos49.jpg
7515.png	https://res.cloudinary.com/dsu60ie3p/image/upload/v1554921838/file_zqoezw.jpg
7480.jpeg	https://res.cloudinary.com/dsu60ie3p/image/upload/v1554921839/file_chsdgg.jpg
7924.png	https://res.cloudinary.com/dsu60ie3p/image/upload/v1554921839/file_zfzkho.jpg
7896.jpeg	https://res.cloudinary.com/dsu60ie3p/image/upload/v1554921840/file_xoyvud.jpg
7918.png	https://res.cloudinary.com/dsu60ie3p/image/upload/v1554921840/file_ollfrb.jpg
7603.jpeg	https://res.cloudinary.com/dsu60ie3p/image/upload/v1554921844/file_fvbsxi.jpg
7717.png	https://res.cloudinary.com/dsu60ie3p/image/upload/v1554921845/file_xrv03m.jpg
7703.png	https://res.cloudinary.com/dsu60ie3p/image/upload/v1554921847/file_w1pb8z.jpg
7844.png	https://res.cloudinary.com/dsu60ie3p/image/upload/v1554921848/file_sxjs19.jpg
7850.png	https://res.cloudinary.com/dsu60ie3p/image/upload/v1554921849/file_z1i6tf.jpg
7878.png	https://res.cloudinary.com/dsu60ie3p/image/upload/v1554921849/file_zrvb6l.jpg
7300.jpeg	https://res.cloudinary.com/dsu60ie3p/image/upload/v1554921850/file_l1u4lm.jpg
7887.png	https://res.cloudinary.com/dsu60ie3p/image/upload/v1554921851/file_hzuh1x.jpg
7893.png	https://res.cloudinary.com/dsu60ie3p/image/upload/v1554921851/file_btd8qz.jpg
7663.png	https://res.cloudinary.com/dsu60ie3p/image/upload/v1554921852/file_m7hmg6.jpg
7584.jpeg	https://res.cloudinary.com/dsu60ie3p/image/upload/v1554921852/file_wqgrk2.jpg
7707.jpeg	https://res.cloudinary.com/dsu60ie3p/image/upload/v1554921853/file_fryvw6.jpg
7461.png	https://res.cloudinary.com/dsu60ie3p/image/upload/v1554921855/file_ufgglq.jpg
7307.png	https://res.cloudinary.com/dsu60ie3p/image/upload/v1554921856/file_cdoczy.jpg
8020.png	https://res.cloudinary.com/dsu60ie3p/image/upload/v1554921857/file_nn4ktl.jpg
8021.png	https://res.cloudinary.com/dsu60ie3p/image/upload/v1554921858/file_xlwqrh.jpg
7474.png	https://res.cloudinary.com/dsu60ie3p/image/upload/v1554921858/file_dirzgn.jpg
7460.png	https://res.cloudinary.com/dsu60ie3p/image/upload/v1554921859/file_fwqvdz.jpg
7306.png	https://res.cloudinary.com/dsu60ie3p/image/upload/v1554921860/file_f0c3lk.jpg
7510.jpeg	https://res.cloudinary.com/dsu60ie3p/image/upload/v1554921862/file_umrc2w.jpg
7448.png	https://res.cloudinary.com/dsu60ie3p/image/upload/v1554921863/file_caubtb.jpg
7843.jpeg	https://res.cloudinary.com/dsu60ie3p/image/upload/v1554921864/file_onsxde.jpg
8009.png	https://res.cloudinary.com/dsu60ie3p/image/upload/v1554921864/file_gq04xw.jpg
8036.jpeg	https://res.cloudinary.com/dsu60ie3p/image/upload/v1554921865/file_casaqv.jpg
7639.jpeg	https://res.cloudinary.com/dsu60ie3p/image/upload/v1554921866/file_jtt0ya.jpg
7269.jpeg	https://res.cloudinary.com/dsu60ie3p/image/upload/v1554921868/file_mgsmnx.jpg
7286.jpeg	https://res.cloudinary.com/dsu60ie3p/image/upload/v1554921869/file_a05b1k.jpg
7676.png	https://res.cloudinary.com/dsu60ie3p/image/upload/v1554921870/file_fmjpu0.jpg
7662.png	https://res.cloudinary.com/dsu60ie3p/image/upload/v1554921870/file_sg4i0q.jpg
7892.png	https://res.cloudinary.com/dsu60ie3p/image/upload/v1554921871/file_pdrsgg.jpg
7814.jpeg	https://res.cloudinary.com/dsu60ie3p/image/upload/v1554921872/file_lw8cvd.jpg
7886.png	https://res.cloudinary.com/dsu60ie3p/image/upload/v1554921873/file_xs37u2.jpg
7394.jpeg	https://res.cloudinary.com/dsu60ie3p/image/upload/v1554921874/file_uspeok.jpg
7879.png	https://res.cloudinary.com/dsu60ie3p/image/upload/v1554921875/file_tqobqk.jpg
7681.jpeg	https://res.cloudinary.com/dsu60ie3p/image/upload/v1554921875/file_azttc4.jpg
7845.png	https://res.cloudinary.com/dsu60ie3p/image/upload/v1554921876/file_kor6qh.jpg
7702.png	https://res.cloudinary.com/dsu60ie3p/image/upload/v1554921876/file_q1juqq.jpg
7716.png	https://res.cloudinary.com/dsu60ie3p/image/upload/v1554921877/file_iag17w.jpg
7551.jpeg	https://res.cloudinary.com/dsu60ie3p/image/upload/v1554921878/file_onoslm.jpg
7802.jpeg	https://res.cloudinary.com/dsu60ie3p/image/upload/v1554921878/file_ishr88.jpg
8077.jpeg	https://res.cloudinary.com/dsu60ie3p/image/upload/v1554921879/file_lhtx8g.jpg
7919.png	https://res.cloudinary.com/dsu60ie3p/image/upload/v1554921880/file_yis1wv.jpg
7678.jpeg	https://res.cloudinary.com/dsu60ie3p/image/upload/v1554921882/file_grtjmn.jpg
7925.png	https://res.cloudinary.com/dsu60ie3p/image/upload/v1554921883/file_h04jzi.jpg
7931.png	https://res.cloudinary.com/dsu60ie3p/image/upload/v1554921883/file_qawh9j.jpg
7266.png	https://res.cloudinary.com/dsu60ie3p/image/upload/v1554921884/file_tipdfx.jpg
7506.jpeg	https://res.cloudinary.com/dsu60ie3p/image/upload/v1554921884/file_fxtgv2.jpg
7785.jpeg	https://res.cloudinary.com/dsu60ie3p/image/upload/v1554921885/file_ojl3nr.jpg
8057.jpeg	https://res.cloudinary.com/dsu60ie3p/image/upload/v1554921885/file_lj19vo.jpg
7658.jpeg	https://res.cloudinary.com/dsu60ie3p/image/upload/v1554921886/file_wa0n56.jpg
7822.jpeg	https://res.cloudinary.com/dsu60ie3p/image/upload/v1554921886/file_hsqny0.jpg
7988.jpeg	https://res.cloudinary.com/dsu60ie3p/image/upload/v1554921887/file_bx3t3o.jpg
7967.jpeg	https://res.cloudinary.com/dsu60ie3p/image/upload/v1554921888/file_oxcpyc.jpg
7270.png	https://res.cloudinary.com/dsu60ie3p/image/upload/v1554921889/file_ur7xa7.jpg
7434.jpeg	https://res.cloudinary.com/dsu60ie3p/image/upload/v1554921890/file_sgrna5.jpg
7927.png	https://res.cloudinary.com/dsu60ie3p/image/upload/v1554921891/file_t0lohz.jpg
7526.jpeg	https://res.cloudinary.com/dsu60ie3p/image/upload/v1554921891/file_ktcezn.jpg
7700.png	https://res.cloudinary.com/dsu60ie3p/image/upload/v1554921892/file_kra8io.jpg
7714.png	https://res.cloudinary.com/dsu60ie3p/image/upload/v1554921893/file_pwktqq.jpg
7930.jpeg	https://res.cloudinary.com/dsu60ie3p/image/upload/v1554921894/file_xm8pzi.jpg
7847.png	https://res.cloudinary.com/dsu60ie3p/image/upload/v1554921895/file_yol8mk.jpg
7530.jpeg	https://res.cloudinary.com/dsu60ie3p/image/upload/v1554921895/file_cxcdqp.jpg
7648.png	https://res.cloudinary.com/dsu60ie3p/image/upload/v1554921896/file_ykbz4i.jpg
7884.png	https://res.cloudinary.com/dsu60ie3p/image/upload/v1554921897/file_pqg8ew.jpg
7475.jpeg	https://res.cloudinary.com/dsu60ie3p/image/upload/v1554921897/file_rbkwhm.jpg
7489.png	https://res.cloudinary.com/dsu60ie3p/image/upload/v1554921898/file_you0op.jpg
7567.jpeg	https://res.cloudinary.com/dsu60ie3p/image/upload/v1554921901/file_orhibg.jpg
7338.png	https://res.cloudinary.com/dsu60ie3p/image/upload/v1554921902/file_jbz0cg.jpg
7476.png	https://res.cloudinary.com/dsu60ie3p/image/upload/v1554921903/file_zcdqey.jpg
7422.jpeg	https://res.cloudinary.com/dsu60ie3p/image/upload/v1554921904/file_umvzdg.jpg
7310.png	https://res.cloudinary.com/dsu60ie3p/image/upload/v1554921905/file_xcs8et.jpg
7304.png	https://res.cloudinary.com/dsu60ie3p/image/upload/v1554921906/file_ckqrog.jpg
8037.png	https://res.cloudinary.com/dsu60ie3p/image/upload/v1554921906/file_vevydx.jpg
7971.jpeg	https://res.cloudinary.com/dsu60ie3p/image/upload/v1554921908/file_c4uymk.jpg
7463.png	https://res.cloudinary.com/dsu60ie3p/image/upload/v1554921909/file_nw6kbk.jpg
7265.jpeg	https://res.cloudinary.com/dsu60ie3p/image/upload/v1554921913/file_kes2zb.jpg
8022.png	https://res.cloudinary.com/dsu60ie3p/image/upload/v1554921914/file_qqerhw.jpg
7311.png	https://res.cloudinary.com/dsu60ie3p/image/upload/v1554921915/file_vdaoif.jpg
7320.jpeg	https://res.cloudinary.com/dsu60ie3p/image/upload/v1554921916/file_tutfyt.jpg
7488.png	https://res.cloudinary.com/dsu60ie3p/image/upload/v1554921917/file_fqnrho.jpg
7661.png	https://res.cloudinary.com/dsu60ie3p/image/upload/v1554921918/file_hua0bm.jpg
7398.jpeg	https://res.cloudinary.com/dsu60ie3p/image/upload/v1554921919/file_mxafnr.jpg
7675.png	https://res.cloudinary.com/dsu60ie3p/image/upload/v1554921920/file_hiliqx.jpg
7727.jpeg	https://res.cloudinary.com/dsu60ie3p/image/upload/v1554921920/file_emkuml.jpg
7377.jpeg	https://res.cloudinary.com/dsu60ie3p/image/upload/v1554921921/file_tykaan.jpg
7649.png	https://res.cloudinary.com/dsu60ie3p/image/upload/v1554921922/file_ijxmbk.jpg
8082.jpeg	https://res.cloudinary.com/dsu60ie3p/image/upload/v1554921923/file_fwor5k.jpg
7846.png	https://res.cloudinary.com/dsu60ie3p/image/upload/v1554921924/file_sjyzrs.jpg
7852.png	https://res.cloudinary.com/dsu60ie3p/image/upload/v1554921924/file_mrguex.jpg
7715.png	https://res.cloudinary.com/dsu60ie3p/image/upload/v1554921925/file_z5wrbh.jpg
7674.jpeg	https://res.cloudinary.com/dsu60ie3p/image/upload/v1554921925/file_fp1fyk.jpg
7729.png	https://res.cloudinary.com/dsu60ie3p/image/upload/v1554921926/file_ckeubz.jpg
7926.png	https://res.cloudinary.com/dsu60ie3p/image/upload/v1554921927/file_sesosh.jpg
7271.png	https://res.cloudinary.com/dsu60ie3p/image/upload/v1554921928/file_dcjyai.jpg
7623.jpeg	https://res.cloudinary.com/dsu60ie3p/image/upload/v1554921929/file_eg55l3.jpg
7517.png	https://res.cloudinary.com/dsu60ie3p/image/upload/v1554921930/file_uokyly.jpg
7273.jpeg	https://res.cloudinary.com/dsu60ie3p/image/upload/v1554921930/file_ns2fnl.jpg
7858.jpeg	https://res.cloudinary.com/dsu60ie3p/image/upload/v1554921931/file_adt5hz.jpg
7622.jpeg	https://res.cloudinary.com/dsu60ie3p/image/upload/v1554921932/file_wihxsz.jpg
7788.jpeg	https://res.cloudinary.com/dsu60ie3p/image/upload/v1554921933/file_lmgpvu.jpg
7272.jpeg	https://res.cloudinary.com/dsu60ie3p/image/upload/v1554921933/file_wq0gnb.jpg
7507.png	https://res.cloudinary.com/dsu60ie3p/image/upload/v1554921935/file_xoxrxo.jpg
7275.png	https://res.cloudinary.com/dsu60ie3p/image/upload/v1554921936/file_abvruj.jpg
7337.jpeg	https://res.cloudinary.com/dsu60ie3p/image/upload/v1554921936/file_qt2s34.jpg
7419.jpeg	https://res.cloudinary.com/dsu60ie3p/image/upload/v1554921937/file_o35fnq.jpg
7922.png	https://res.cloudinary.com/dsu60ie3p/image/upload/v1554921938/file_jgmvwt.jpg
7936.png	https://res.cloudinary.com/dsu60ie3p/image/upload/v1554921938/file_ibu1t6.jpg
7705.png	https://res.cloudinary.com/dsu60ie3p/image/upload/v1554921939/file_capvml.jpg
7711.png	https://res.cloudinary.com/dsu60ie3p/image/upload/v1554921939/file_imralw.jpg
7730.jpeg	https://res.cloudinary.com/dsu60ie3p/image/upload/v1554921940/file_zlrqqu.jpg
7819.jpeg	https://res.cloudinary.com/dsu60ie3p/image/upload/v1554921942/file_wiralp.jpg
7842.png	https://res.cloudinary.com/dsu60ie3p/image/upload/v1554921943/file_o32ove.jpg
7671.png	https://res.cloudinary.com/dsu60ie3p/image/upload/v1554921944/file_qz6trt.jpg
7665.png	https://res.cloudinary.com/dsu60ie3p/image/upload/v1554921945/file_q1uyxg.jpg
7726.jpeg	https://res.cloudinary.com/dsu60ie3p/image/upload/v1554921946/file_s3xxuj.jpg
7881.png	https://res.cloudinary.com/dsu60ie3p/image/upload/v1554921948/file_chv646.jpg
7376.jpeg	https://res.cloudinary.com/dsu60ie3p/image/upload/v1554921949/file_huyund.jpg
7659.png	https://res.cloudinary.com/dsu60ie3p/image/upload/v1554921949/file_y0u3rj.jpg
7498.png	https://res.cloudinary.com/dsu60ie3p/image/upload/v1554921950/file_a3y4j8.jpg
7315.png	https://res.cloudinary.com/dsu60ie3p/image/upload/v1554921951/file_mz65tj.jpg
8026.png	https://res.cloudinary.com/dsu60ie3p/image/upload/v1554921951/file_lyenlj.jpg
7467.png	https://res.cloudinary.com/dsu60ie3p/image/upload/v1554921952/file_gzwdxt.jpg
7264.jpeg	https://res.cloudinary.com/dsu60ie3p/image/upload/v1554921953/file_gtbnl4.jpg
7634.jpeg	https://res.cloudinary.com/dsu60ie3p/image/upload/v1554921956/file_q8ypr8.jpg
7301.png	https://res.cloudinary.com/dsu60ie3p/image/upload/v1554921958/file_czz0t5.jpg
8032.png	https://res.cloudinary.com/dsu60ie3p/image/upload/v1554921959/file_pw0zhv.jpg
7329.png	https://res.cloudinary.com/dsu60ie3p/image/upload/v1554921960/file_tknbeh.jpg
7835.jpeg	https://res.cloudinary.com/dsu60ie3p/image/upload/v1554921961/file_evhugz.jpg
7328.png	https://res.cloudinary.com/dsu60ie3p/image/upload/v1554921961/file_drdswo.jpg
7566.jpeg	https://res.cloudinary.com/dsu60ie3p/image/upload/v1554921962/file_xj93tk.jpg
7466.png	https://res.cloudinary.com/dsu60ie3p/image/upload/v1554921963/file_nm98pm.jpg
7589.jpeg	https://res.cloudinary.com/dsu60ie3p/image/upload/v1554921964/file_khozc1.jpg
8027.png	https://res.cloudinary.com/dsu60ie3p/image/upload/v1554921965/file_gvwjhy.jpg
7314.png	https://res.cloudinary.com/dsu60ie3p/image/upload/v1554921965/file_e7b24c.jpg
7472.png	https://res.cloudinary.com/dsu60ie3p/image/upload/v1554921966/file_obo2qv.jpg
7970.jpeg	https://res.cloudinary.com/dsu60ie3p/image/upload/v1554921966/file_wb7znv.jpg
8040.jpeg	https://res.cloudinary.com/dsu60ie3p/image/upload/v1554921967/file_teblfw.jpg
7880.png	https://res.cloudinary.com/dsu60ie3p/image/upload/v1554921968/file_medxqs.jpg
7531.jpeg	https://res.cloudinary.com/dsu60ie3p/image/upload/v1554921968/file_jxowhy.jpg
7894.png	https://res.cloudinary.com/dsu60ie3p/image/upload/v1554921969/file_vtbcue.jpg
7862.jpeg	https://res.cloudinary.com/dsu60ie3p/image/upload/v1554921972/file_ovrfau.jpg
7664.png	https://res.cloudinary.com/dsu60ie3p/image/upload/v1554921974/file_im2bwg.jpg
7670.png	https://res.cloudinary.com/dsu60ie3p/image/upload/v1554921975/file_kdodhl.jpg
7738.png	https://res.cloudinary.com/dsu60ie3p/image/upload/v1554921976/file_gpqnol.jpg
7462.jpeg	https://res.cloudinary.com/dsu60ie3p/image/upload/v1554921977/file_amcnq2.jpg
7704.png	https://res.cloudinary.com/dsu60ie3p/image/upload/v1554921979/file_bkhjlz.jpg
7937.png	https://res.cloudinary.com/dsu60ie3p/image/upload/v1554921981/file_vvjzqt.jpg
7923.png	https://res.cloudinary.com/dsu60ie3p/image/upload/v1554921981/file_yatr5y.jpg
8001.jpeg	https://res.cloudinary.com/dsu60ie3p/image/upload/v1554921982/file_owshef.jpg
7570.jpeg	https://res.cloudinary.com/dsu60ie3p/image/upload/v1554921982/file_d7d212.jpg
7989.jpeg	https://res.cloudinary.com/dsu60ie3p/image/upload/v1554921983/file_fre2im.jpg
7274.png	https://res.cloudinary.com/dsu60ie3p/image/upload/v1554921983/file_w85lkf.jpg
7435.jpeg	https://res.cloudinary.com/dsu60ie3p/image/upload/v1554921987/file_ejcgqy.jpg
7289.png	https://res.cloudinary.com/dsu60ie3p/image/upload/v1554921988/file_abpoah.jpg
7291.jpeg	https://res.cloudinary.com/dsu60ie3p/image/upload/v1554921988/file_vbvw5u.jpg
7442.jpeg	https://res.cloudinary.com/dsu60ie3p/image/upload/v1554921989/file_blq0sx.jpg
7504.png	https://res.cloudinary.com/dsu60ie3p/image/upload/v1554921990/file_zb9l1i.jpg
8076.jpeg	https://res.cloudinary.com/dsu60ie3p/image/upload/v1554921992/file_lvkh5h.jpg
7679.jpeg	https://res.cloudinary.com/dsu60ie3p/image/upload/v1554921992/file_hrrfxb.jpg
7946.jpeg	https://res.cloudinary.com/dsu60ie3p/image/upload/v1554921993/file_fz0u7v.jpg
7706.png	https://res.cloudinary.com/dsu60ie3p/image/upload/v1554921994/file_zz0ikt.jpg
7415.jpeg	https://res.cloudinary.com/dsu60ie3p/image/upload/v1554921994/file_eap9ru.jpg
7869.png	https://res.cloudinary.com/dsu60ie3p/image/upload/v1554921995/file_golm7a.jpg
7680.jpeg	https://res.cloudinary.com/dsu60ie3p/image/upload/v1554921995/file_ppfj3o.jpg
7841.png	https://res.cloudinary.com/dsu60ie3p/image/upload/v1554921997/file_wefonh.jpg
7855.png	https://res.cloudinary.com/dsu60ie3p/image/upload/v1554921998/file_uaufwh.jpg
7403.jpeg	https://res.cloudinary.com/dsu60ie3p/image/upload/v1554921999/file_bp9932.jpg
7882.png	https://res.cloudinary.com/dsu60ie3p/image/upload/v1554922000/file_fkavah.jpg
7815.jpeg	https://res.cloudinary.com/dsu60ie3p/image/upload/v1554922002/file_i36aiq.jpg
7792.jpeg	https://res.cloudinary.com/dsu60ie3p/image/upload/v1554922003/file_zlmpmq.jpg
7287.jpeg	https://res.cloudinary.com/dsu60ie3p/image/upload/v1554922005/file_qgdrvf.jpg
7907.jpeg	https://res.cloudinary.com/dsu60ie3p/image/upload/v1554922008/file_fajfbf.jpg
8031.png	https://res.cloudinary.com/dsu60ie3p/image/upload/v1554922009/file_stbyyk.jpg
7302.png	https://res.cloudinary.com/dsu60ie3p/image/upload/v1554922011/file_bb8m8d.jpg
7464.png	https://res.cloudinary.com/dsu60ie3p/image/upload/v1554922011/file_vr17kn.jpg
7470.png	https://res.cloudinary.com/dsu60ie3p/image/upload/v1554922012/file_qwwtwk.jpg
7454.jpeg	https://res.cloudinary.com/dsu60ie3p/image/upload/v1554922013/file_fdz7i9.jpg
8025.png	https://res.cloudinary.com/dsu60ie3p/image/upload/v1554922013/file_powe16.jpg
7316.png	https://res.cloudinary.com/dsu60ie3p/image/upload/v1554922014/file_c8ihx7.jpg
7458.png	https://res.cloudinary.com/dsu60ie3p/image/upload/v1554922016/file_xevvxk.jpg
7511.jpeg	https://res.cloudinary.com/dsu60ie3p/image/upload/v1554922016/file_psc9p3.jpg
8019.png	https://res.cloudinary.com/dsu60ie3p/image/upload/v1554922017/file_tlvzgv.jpg
8018.png	https://res.cloudinary.com/dsu60ie3p/image/upload/v1554922018/file_mhji7b.jpg
7459.png	https://res.cloudinary.com/dsu60ie3p/image/upload/v1554922018/file_k7caym.jpg
7471.png	https://res.cloudinary.com/dsu60ie3p/image/upload/v1554922019/file_jxdh3e.jpg
7643.jpeg	https://res.cloudinary.com/dsu60ie3p/image/upload/v1554922019/file_ugdfah.jpg
7317.png	https://res.cloudinary.com/dsu60ie3p/image/upload/v1554922021/file_q87aag.jpg
8024.png	https://res.cloudinary.com/dsu60ie3p/image/upload/v1554922022/file_mxibdt.jpg
7465.png	https://res.cloudinary.com/dsu60ie3p/image/upload/v1554922023/file_oniisz.jpg
7993.jpeg	https://res.cloudinary.com/dsu60ie3p/image/upload/v1554922026/file_gqmqzk.jpg
7585.jpeg	https://res.cloudinary.com/dsu60ie3p/image/upload/v1554922027/file_ttee2o.jpg
7883.png	https://res.cloudinary.com/dsu60ie3p/image/upload/v1554922028/file_c8nhf2.jpg
7667.png	https://res.cloudinary.com/dsu60ie3p/image/upload/v1554922029/file_g6v2lk.jpg
7854.png	https://res.cloudinary.com/dsu60ie3p/image/upload/v1554922029/file_ir8nx2.jpg
7840.png	https://res.cloudinary.com/dsu60ie3p/image/upload/v1554922030/file_zkgpet.jpg
7698.png	https://res.cloudinary.com/dsu60ie3p/image/upload/v1554922031/file_z6sjb5.jpg
7497.jpeg	https://res.cloudinary.com/dsu60ie3p/image/upload/v1554922031/file_qumqer.jpg
7868.png	https://res.cloudinary.com/dsu60ie3p/image/upload/v1554922032/file_hzqhnv.jpg
7747.jpeg	https://res.cloudinary.com/dsu60ie3p/image/upload/v1554922033/file_g169mc.jpg
7713.png	https://res.cloudinary.com/dsu60ie3p/image/upload/v1554922035/file_scb6fu.jpg
7481.jpeg	https://res.cloudinary.com/dsu60ie3p/image/upload/v1554922035/file_inry3f.jpg
7897.jpeg	https://res.cloudinary.com/dsu60ie3p/image/upload/v1554922036/file_addcgd.jpg
7908.png	https://res.cloudinary.com/dsu60ie3p/image/upload/v1554922037/file_nle1rz.jpg
7340.jpeg	https://res.cloudinary.com/dsu60ie3p/image/upload/v1554922037/file_ybo8if.jpg
7710.jpeg	https://res.cloudinary.com/dsu60ie3p/image/upload/v1554922038/file_pfovc6.jpg
7277.png	https://res.cloudinary.com/dsu60ie3p/image/upload/v1554922039/file_zefjkw.jpg
7288.png	https://res.cloudinary.com/dsu60ie3p/image/upload/v1554922040/file_pgq4v7.jpg
7439.jpeg	https://res.cloudinary.com/dsu60ie3p/image/upload/v1554922041/file_kdop5v.jpg
